use_home_adv,sparse_threshold,lookback_years,half_life,floor,lam,clamped,pooled_rps,pooled_brier,rps_2018,rps_2022
False,15,8.0,12.0,0.0,0.0001582527809497592,True,0.1918017062944902,0.5546757489423422,0.1844263188192574,0.199177093769723
False,15,8.0,12.0,0.05,0.0001582527809497592,True,0.1918017062944902,0.5546757489423422,0.1844263188192574,0.199177093769723
False,15,8.0,12.0,0.1,0.0001582527809497592,True,0.1918017062944902,0.5546757489423422,0.1844263188192574,0.199177093769723
False,15,8.0,12.0,0.2,0.0001582527809497592,True,0.1918017062944902,0.5546757489423422,0.1844263188192574,0.199177093769723
False,20,8.0,12.0,0.2,0.0001582527809497592,True,0.1921439132550164,0.5553858123589276,0.18371886503156654,0.20056896147846626
False,20,8.0,12.0,0.05,0.0001582527809497592,True,0.1921439132550164,0.5553858123589276,0.18371886503156654,0.20056896147846626
False,20,8.0,12.0,0.0,0.0001582527809497592,True,0.1921439132550164,0.5553858123589276,0.18371886503156654,0.20056896147846626
False,20,8.0,12.0,0.1,0.0001582527809497592,True,0.1921439132550164,0.5553858123589276,0.18371886503156654,0.20056896147846626
False,15,8.0,8.0,0.0,0.0002373791714246388,True,0.19220351872019203,0.555780020965825,0.1848562696879042,0.19955076775247987
False,15,8.0,8.0,0.1,0.0002373791714246388,True,0.19220351872019203,0.555780020965825,0.1848562696879042,0.19955076775247987
False,15,8.0,8.0,0.2,0.0002373791714246388,True,0.19220351872019203,0.555780020965825,0.1848562696879042,0.19955076775247987
False,15,8.0,8.0,0.05,0.0002373791714246388,True,0.19220351872019203,0.555780020965825,0.1848562696879042,0.19955076775247987
False,15,7.0,12.0,0.2,0.0001582527809497592,False,0.19224518123907144,0.5575265008721414,0.18417094722622207,0.20031941525192082
False,15,7.0,12.0,0.0,0.0001582527809497592,False,0.19224518123907144,0.5575265008721414,0.18417094722622207,0.20031941525192082
False,15,7.0,12.0,0.05,0.0001582527809497592,False,0.19224518123907144,0.5575265008721414,0.18417094722622207,0.20031941525192082
False,15,7.0,12.0,0.1,0.0001582527809497592,False,0.19224518123907144,0.5575265008721414,0.18417094722622207,0.20031941525192082
False,20,7.0,12.0,0.2,0.0001582527809497592,False,0.19235241448523735,0.5582260278897822,0.18433724716959932,0.20036758180087538
False,20,7.0,12.0,0.1,0.0001582527809497592,False,0.19235241448523735,0.5582260278897822,0.18433724716959932,0.20036758180087538
False,20,7.0,12.0,0.05,0.0001582527809497592,False,0.19235241448523735,0.5582260278897822,0.18433724716959932,0.20036758180087538
False,20,7.0,12.0,0.0,0.0001582527809497592,False,0.19235241448523735,0.5582260278897822,0.18433724716959932,0.20036758180087538
False,20,8.0,8.0,0.1,0.0002373791714246388,True,0.19251854878735597,0.5564345414052779,0.18415615608814867,0.2008809414865633
False,20,8.0,8.0,0.05,0.0002373791714246388,True,0.19251854878735597,0.5564345414052779,0.18415615608814867,0.2008809414865633
False,20,8.0,8.0,0.0,0.0002373791714246388,True,0.19251854878735597,0.5564345414052779,0.18415615608814867,0.2008809414865633
False,20,8.0,8.0,0.2,0.0002373791714246388,True,0.19251854878735597,0.5564345414052779,0.18415615608814867,0.2008809414865633
False,15,6.0,12.0,0.2,0.0001582527809497592,False,0.192568313926063,0.5580422102611542,0.18542538471054754,0.19971124314157845
False,15,6.0,12.0,0.05,0.0001582527809497592,False,0.192568313926063,0.5580422102611542,0.18542538471054754,0.19971124314157845
False,15,6.0,12.0,0.0,0.0001582527809497592,False,0.192568313926063,0.5580422102611542,0.18542538471054754,0.19971124314157845
False,15,6.0,12.0,0.1,0.0001582527809497592,False,0.192568313926063,0.5580422102611542,0.18542538471054754,0.19971124314157845
False,20,6.0,12.0,0.2,0.0001582527809497592,False,0.19265721359307653,0.5586964047365541,0.18561768697863154,0.1996967402075215
False,20,6.0,12.0,0.1,0.0001582527809497592,False,0.19265721359307653,0.5586964047365541,0.18561768697863154,0.1996967402075215
False,20,6.0,12.0,0.05,0.0001582527809497592,False,0.19265721359307653,0.5586964047365541,0.18561768697863154,0.1996967402075215
False,20,6.0,12.0,0.0,0.0001582527809497592,False,0.19265721359307653,0.5586964047365541,0.18561768697863154,0.1996967402075215
False,15,7.0,8.0,0.05,0.0002373791714246388,False,0.19273274375408148,0.5586482218654336,0.18476829393275446,0.2006971935754085
False,15,7.0,8.0,0.1,0.0002373791714246388,False,0.19273274375408148,0.5586482218654336,0.18476829393275446,0.2006971935754085
False,15,7.0,8.0,0.2,0.0002373791714246388,False,0.19273274375408148,0.5586482218654336,0.18476829393275446,0.2006971935754085
False,15,7.0,8.0,0.0,0.0002373791714246388,False,0.19273274375408148,0.5586482218654336,0.18476829393275446,0.2006971935754085
False,20,7.0,8.0,0.05,0.0002373791714246388,False,0.19284225030581614,0.5593414761900883,0.18492921505015192,0.20075528556148037
False,20,7.0,8.0,0.2,0.0002373791714246388,False,0.19284225030581614,0.5593414761900883,0.18492921505015192,0.20075528556148037
False,20,7.0,8.0,0.1,0.0002373791714246388,False,0.19284225030581614,0.5593414761900883,0.18492921505015192,0.20075528556148037
False,20,7.0,8.0,0.0,0.0002373791714246388,False,0.19284225030581614,0.5593414761900883,0.18492921505015192,0.20075528556148037
False,15,8.0,5.0,0.2,0.00037980667427942207,True,0.1930287378069268,0.557964025513094,0.1857426193269045,0.20031485628694912
False,15,8.0,5.0,0.1,0.00037980667427942207,True,0.1930287378069268,0.557964025513094,0.1857426193269045,0.20031485628694912
False,15,8.0,5.0,0.05,0.00037980667427942207,True,0.1930287378069268,0.557964025513094,0.1857426193269045,0.20031485628694912
False,15,8.0,5.0,0.0,0.00037980667427942207,True,0.1930287378069268,0.557964025513094,0.1857426193269045,0.20031485628694912
True,15,8.0,12.0,0.05,0.0001582527809497592,True,0.19304371517687943,0.5577099609237817,0.18617162493989675,0.1999158054138621
True,15,8.0,12.0,0.0,0.0001582527809497592,True,0.19304371517687943,0.5577099609237817,0.18617162493989675,0.1999158054138621
True,15,8.0,12.0,0.1,0.0001582527809497592,True,0.19304371517687943,0.5577099609237817,0.18617162493989675,0.1999158054138621
True,15,8.0,12.0,0.2,0.0001582527809497592,True,0.19304371517687943,0.5577099609237817,0.18617162493989675,0.1999158054138621
False,15,6.0,8.0,0.1,0.0002373791714246388,False,0.19306359227866587,0.5591865077427312,0.1859602220197635,0.20016696253756822
False,15,6.0,8.0,0.05,0.0002373791714246388,False,0.19306359227866587,0.5591865077427312,0.1859602220197635,0.20016696253756822
False,15,6.0,8.0,0.0,0.0002373791714246388,False,0.19306359227866587,0.5591865077427312,0.1859602220197635,0.20016696253756822
False,15,6.0,8.0,0.2,0.0002373791714246388,False,0.19306359227866587,0.5591865077427312,0.1859602220197635,0.20016696253756822
False,20,6.0,8.0,0.2,0.0002373791714246388,False,0.19315738618502953,0.5598397486335185,0.1861410191666418,0.20017375320341727
False,20,6.0,8.0,0.0,0.0002373791714246388,False,0.19315738618502953,0.5598397486335185,0.1861410191666418,0.20017375320341727
False,20,6.0,8.0,0.05,0.0002373791714246388,False,0.19315738618502953,0.5598397486335185,0.1861410191666418,0.20017375320341727
False,20,6.0,8.0,0.1,0.0002373791714246388,False,0.19315738618502953,0.5598397486335185,0.1861410191666418,0.20017375320341727
False,20,8.0,5.0,0.1,0.00037980667427942207,True,0.19331558751548766,0.5585759972274887,0.1850552076959255,0.2015759673350498
False,20,8.0,5.0,0.0,0.00037980667427942207,True,0.19331558751548766,0.5585759972274887,0.1850552076959255,0.2015759673350498
False,20,8.0,5.0,0.05,0.00037980667427942207,True,0.19331558751548766,0.5585759972274887,0.1850552076959255,0.2015759673350498
False,20,8.0,5.0,0.2,0.00037980667427942207,True,0.19331558751548766,0.5585759972274887,0.1850552076959255,0.2015759673350498
True,15,8.0,8.0,0.1,0.0002373791714246388,True,0.1934954071436933,0.5589702961572047,0.18664917935181874,0.20034163493556784
True,15,8.0,8.0,0.2,0.0002373791714246388,True,0.1934954071436933,0.5589702961572047,0.18664917935181874,0.20034163493556784
True,15,8.0,8.0,0.0,0.0002373791714246388,True,0.1934954071436933,0.5589702961572047,0.18664917935181874,0.20034163493556784
True,15,8.0,8.0,0.05,0.0002373791714246388,True,0.1934954071436933,0.5589702961572047,0.18664917935181874,0.20034163493556784
False,15,7.0,5.0,0.0,0.00037980667427942207,False,0.19366894317474667,0.5608054314089528,0.1858608922391809,0.20147699411031245
False,15,7.0,5.0,0.05,0.00037980667427942207,False,0.19366894317474667,0.5608054314089528,0.1858608922391809,0.20147699411031245
False,15,7.0,5.0,0.1,0.00037980667427942207,False,0.19366894317474667,0.5608054314089528,0.1858608922391809,0.20147699411031245
False,15,7.0,5.0,0.2,0.00037980667427942207,False,0.19366894317474667,0.5608054314089528,0.1858608922391809,0.20147699411031245
False,20,7.0,5.0,0.0,0.00037980667427942207,False,0.19378282055365686,0.5614799227848112,0.18600997155361526,0.20155566955369847
False,20,7.0,5.0,0.1,0.00037980667427942207,False,0.19378282055365686,0.5614799227848112,0.18600997155361526,0.20155566955369847
False,20,7.0,5.0,0.2,0.00037980667427942207,False,0.19378282055365686,0.5614799227848112,0.18600997155361526,0.20155566955369847
False,20,7.0,5.0,0.05,0.00037980667427942207,False,0.19378282055365686,0.5614799227848112,0.18600997155361526,0.20155566955369847
False,15,6.0,5.0,0.05,0.00037980667427942207,False,0.19400313001763952,0.561363165062935,0.1869428674706261,0.20106339256465294
False,15,6.0,5.0,0.1,0.00037980667427942207,False,0.19400313001763952,0.561363165062935,0.1869428674706261,0.20106339256465294
False,15,6.0,5.0,0.2,0.00037980667427942207,False,0.19400313001763952,0.561363165062935,0.1869428674706261,0.20106339256465294
False,15,6.0,5.0,0.0,0.00037980667427942207,False,0.19400313001763952,0.561363165062935,0.1869428674706261,0.20106339256465294
False,20,6.0,5.0,0.2,0.00037980667427942207,False,0.19410268379027273,0.5619998568077859,0.18710149480928745,0.20110387277125802
False,20,6.0,5.0,0.1,0.00037980667427942207,False,0.19410268379027273,0.5619998568077859,0.18710149480928745,0.20110387277125802
False,20,6.0,5.0,0.05,0.00037980667427942207,False,0.19410268379027273,0.5619998568077859,0.18710149480928745,0.20110387277125802
False,20,6.0,5.0,0.0,0.00037980667427942207,False,0.19410268379027273,0.5619998568077859,0.18710149480928745,0.20110387277125802
True,20,8.0,12.0,0.05,0.0001582527809497592,True,0.1942025793311037,0.5604528263447686,0.18618619034413206,0.20221896831807534
True,20,8.0,12.0,0.0,0.0001582527809497592,True,0.1942025793311037,0.5604528263447686,0.18618619034413206,0.20221896831807534
True,20,8.0,12.0,0.1,0.0001582527809497592,True,0.1942025793311037,0.5604528263447686,0.18618619034413206,0.20221896831807534
True,20,8.0,12.0,0.2,0.0001582527809497592,True,0.1942025793311037,0.5604528263447686,0.18618619034413206,0.20221896831807534
True,15,8.0,5.0,0.0,0.00037980667427942207,True,0.19439942657672293,0.5614165465604241,0.18758982310125005,0.20120903005219581
True,15,8.0,5.0,0.05,0.00037980667427942207,True,0.19439942657672293,0.5614165465604241,0.18758982310125005,0.20120903005219581
True,15,8.0,5.0,0.1,0.00037980667427942207,True,0.19439942657672293,0.5614165465604241,0.18758982310125005,0.20120903005219581
True,15,8.0,5.0,0.2,0.00037980667427942207,True,0.19439942657672293,0.5614165465604241,0.18758982310125005,0.20120903005219581
True,15,7.0,12.0,0.2,0.0001582527809497592,False,0.19453159824073527,0.5636599757791612,0.18659436712676214,0.2024688293547084
True,15,7.0,12.0,0.1,0.0001582527809497592,False,0.19453159824073527,0.5636599757791612,0.18659436712676214,0.2024688293547084
True,15,7.0,12.0,0.05,0.0001582527809497592,False,0.19453159824073527,0.5636599757791612,0.18659436712676214,0.2024688293547084
True,15,7.0,12.0,0.0,0.0001582527809497592,False,0.19453159824073527,0.5636599757791612,0.18659436712676214,0.2024688293547084
True,20,7.0,12.0,0.2,0.0001582527809497592,False,0.19453960891486918,0.5640837456148822,0.18659436712676214,0.20248485070297623
True,20,7.0,12.0,0.1,0.0001582527809497592,False,0.19453960891486918,0.5640837456148822,0.18659436712676214,0.20248485070297623
True,20,7.0,12.0,0.05,0.0001582527809497592,False,0.19453960891486918,0.5640837456148822,0.18659436712676214,0.20248485070297623
True,20,7.0,12.0,0.0,0.0001582527809497592,False,0.19453960891486918,0.5640837456148822,0.18659436712676214,0.20248485070297623
False,15,8.0,3.0,0.2,0.0006330111237990368,True,0.19458474245528523,0.5616034441119566,0.18762287176994036,0.2015466131406301
True,20,8.0,8.0,0.05,0.0002373791714246388,True,0.1946488890730554,0.5617085060055953,0.18666494567994374,0.20263283246616703
True,20,8.0,8.0,0.0,0.0002373791714246388,True,0.1946488890730554,0.5617085060055953,0.18666494567994374,0.20263283246616703
True,20,8.0,8.0,0.1,0.0002373791714246388,True,0.1946488890730554,0.5617085060055953,0.18666494567994374,0.20263283246616703
True,20,8.0,8.0,0.2,0.0002373791714246388,True,0.1946488890730554,0.5617085060055953,0.18666494567994374,0.20263283246616703
False,15,8.0,3.0,0.0,0.0006330111237990368,True,0.19473312885947164,0.5622348739350556,0.18758152288315147,0.20188473483579178
False,15,8.0,3.0,0.05,0.0006330111237990368,True,0.19473312885947164,0.5622348739350556,0.18758152288315147,0.20188473483579178
False,15,8.0,3.0,0.1,0.0006330111237990368,True,0.19473312885947164,0.5622348739350556,0.18758152288315147,0.20188473483579178
True,20,6.0,12.0,0.0,0.0001582527809497592,False,0.194817442123508,0.5644953935647181,0.1877982047028639,0.2018366795441521
True,20,6.0,12.0,0.05,0.0001582527809497592,False,0.194817442123508,0.5644953935647181,0.1877982047028639,0.2018366795441521
True,20,6.0,12.0,0.2,0.0001582527809497592,False,0.194817442123508,0.5644953935647181,0.1877982047028639,0.2018366795441521
True,20,6.0,12.0,0.1,0.0001582527809497592,False,0.194817442123508,0.5644953935647181,0.1877982047028639,0.2018366795441521
True,15,6.0,12.0,0.1,0.0001582527809497592,False,0.1948410607302642,0.5641517731201069,0.1877982047028639,0.20188391675766448
True,15,6.0,12.0,0.05,0.0001582527809497592,False,0.1948410607302642,0.5641517731201069,0.1877982047028639,0.20188391675766448
True,15,6.0,12.0,0.0,0.0001582527809497592,False,0.1948410607302642,0.5641517731201069,0.1877982047028639,0.20188391675766448
True,15,6.0,12.0,0.2,0.0001582527809497592,False,0.1948410607302642,0.5641517731201069,0.1877982047028639,0.20188391675766448
True,15,7.0,8.0,0.05,0.0002373791714246388,False,0.19497380343995502,0.5647140420621815,0.18706403899065616,0.2028835678892539
True,15,7.0,8.0,0.2,0.0002373791714246388,False,0.19497380343995502,0.5647140420621815,0.18706403899065616,0.2028835678892539
True,15,7.0,8.0,0.1,0.0002373791714246388,False,0.19497380343995502,0.5647140420621815,0.18706403899065616,0.2028835678892539
True,15,7.0,8.0,0.0,0.0002373791714246388,False,0.19497380343995502,0.5647140420621815,0.18706403899065616,0.2028835678892539
True,20,7.0,8.0,0.05,0.0002373791714246388,False,0.19498594374123018,0.5651383718735308,0.18706403899065616,0.20290784849180418
True,20,7.0,8.0,0.1,0.0002373791714246388,False,0.19498594374123018,0.5651383718735308,0.18706403899065616,0.20290784849180418
True,20,7.0,8.0,0.2,0.0002373791714246388,False,0.19498594374123018,0.5651383718735308,0.18706403899065616,0.20290784849180418
True,20,7.0,8.0,0.0,0.0002373791714246388,False,0.19498594374123018,0.5651383718735308,0.18706403899065616,0.20290784849180418
False,20,8.0,3.0,0.05,0.0006330111237990368,True,0.1950789518064802,0.5630495857602879,0.18695147924214028,0.2032064243708201
False,20,8.0,3.0,0.0,0.0006330111237990368,True,0.1950789518064802,0.5630495857602879,0.18695147924214028,0.2032064243708201
False,20,8.0,3.0,0.1,0.0006330111237990368,True,0.1950789518064802,0.5630495857602879,0.18695147924214028,0.2032064243708201
False,20,8.0,3.0,0.2,0.0006330111237990368,True,0.1951236793076589,0.5628179392363042,0.18705791123719923,0.20318944737811856
True,20,6.0,8.0,0.1,0.0002373791714246388,False,0.19527864746000076,0.565587635170669,0.18821273550902723,0.2023445594109743
True,20,6.0,8.0,0.05,0.0002373791714246388,False,0.19527864746000076,0.565587635170669,0.18821273550902723,0.2023445594109743
True,20,6.0,8.0,0.2,0.0002373791714246388,False,0.19527864746000076,0.565587635170669,0.18821273550902723,0.2023445594109743
True,20,6.0,8.0,0.0,0.0002373791714246388,False,0.19527864746000076,0.565587635170669,0.18821273550902723,0.2023445594109743
True,15,6.0,8.0,0.1,0.0002373791714246388,False,0.1952916334784971,0.5652295449207825,0.18821273550902723,0.202370531447967
True,15,6.0,8.0,0.2,0.0002373791714246388,False,0.1952916334784971,0.5652295449207825,0.18821273550902723,0.202370531447967
True,15,6.0,8.0,0.0,0.0002373791714246388,False,0.1952916334784971,0.5652295449207825,0.18821273550902723,0.202370531447967
True,15,6.0,8.0,0.05,0.0002373791714246388,False,0.1952916334784971,0.5652295449207825,0.18821273550902723,0.202370531447967
False,15,7.0,3.0,0.2,0.0006330111237990368,False,0.19549823977379158,0.564974449726896,0.18782734823696978,0.20316913131061337
False,15,7.0,3.0,0.1,0.0006330111237990368,False,0.1955057729367662,0.565010438494439,0.18783342041202356,0.20317812546150882
False,15,7.0,3.0,0.05,0.0006330111237990368,False,0.1955057729367662,0.565010438494439,0.18783342041202356,0.20317812546150882
False,15,7.0,3.0,0.0,0.0006330111237990368,False,0.1955057729367662,0.565010438494439,0.18783342041202356,0.20317812546150882
True,20,8.0,5.0,0.2,0.00037980667427942207,True,0.195552785743094,0.5641735693342775,0.1876050990393779,0.20350047244681013
True,20,8.0,5.0,0.1,0.00037980667427942207,True,0.195552785743094,0.5641735693342775,0.1876050990393779,0.20350047244681013
True,20,8.0,5.0,0.05,0.00037980667427942207,True,0.195552785743094,0.5641735693342775,0.1876050990393779,0.20350047244681013
True,20,8.0,5.0,0.0,0.00037980667427942207,True,0.195552785743094,0.5641735693342775,0.1876050990393779,0.20350047244681013
False,20,7.0,3.0,0.2,0.0006330111237990368,False,0.19561625261560184,0.565595811948378,0.18794805189135655,0.20328445333984713
False,20,7.0,3.0,0.05,0.0006330111237990368,False,0.19562343693103804,0.5656308478548471,0.18795539301053726,0.2032914808515388
False,20,7.0,3.0,0.0,0.0006330111237990368,False,0.19562343693103804,0.5656308478548471,0.18795539301053726,0.2032914808515388
False,20,7.0,3.0,0.1,0.0006330111237990368,False,0.19562343693103804,0.5656308478548471,0.18795539301053726,0.2032914808515388
False,15,6.0,3.0,0.1,0.0006330111237990368,False,0.19579949649967393,0.5654940448564245,0.18868997737123247,0.20290901562811542
False,15,6.0,3.0,0.0,0.0006330111237990368,False,0.19579949649967393,0.5654940448564245,0.18868997737123247,0.20290901562811542
False,15,6.0,3.0,0.05,0.0006330111237990368,False,0.19579949649967393,0.5654940448564245,0.18868997737123247,0.20290901562811542
False,15,6.0,3.0,0.2,0.0006330111237990368,False,0.19579949649967393,0.5654940448564245,0.18868997737123247,0.20290901562811542
True,15,7.0,5.0,0.1,0.00037980667427942207,False,0.19584448201972515,0.5667823637402223,0.1879469705042231,0.20374199353522723
True,15,7.0,5.0,0.05,0.00037980667427942207,False,0.19584448201972515,0.5667823637402223,0.1879469705042231,0.20374199353522723
True,15,7.0,5.0,0.2,0.00037980667427942207,False,0.19584448201972515,0.5667823637402223,0.1879469705042231,0.20374199353522723
True,15,7.0,5.0,0.0,0.00037980667427942207,False,0.19584448201972515,0.5667823637402223,0.1879469705042231,0.20374199353522723
True,20,7.0,5.0,0.2,0.00037980667427942207,False,0.19586672076649156,0.5672061507106225,0.1879469705042231,0.20378647102876002
True,20,7.0,5.0,0.1,0.00037980667427942207,False,0.19586672076649156,0.5672061507106225,0.1879469705042231,0.20378647102876002
True,20,7.0,5.0,0.0,0.00037980667427942207,False,0.19586672076649156,0.5672061507106225,0.1879469705042231,0.20378647102876002
True,20,7.0,5.0,0.05,0.00037980667427942207,False,0.19586672076649156,0.5672061507106225,0.1879469705042231,0.20378647102876002
False,20,6.0,3.0,0.1,0.0006330111237990368,False,0.1959122639786566,0.5661007539429128,0.1888175337570555,0.2030069942002577
False,20,6.0,3.0,0.2,0.0006330111237990368,False,0.1959122639786566,0.5661007539429128,0.1888175337570555,0.2030069942002577
False,20,6.0,3.0,0.05,0.0006330111237990368,False,0.1959122639786566,0.5661007539429128,0.1888175337570555,0.2030069942002577
False,20,6.0,3.0,0.0,0.0006330111237990368,False,0.1959122639786566,0.5661007539429128,0.1888175337570555,0.2030069942002577
True,15,8.0,3.0,0.2,0.0006330111237990368,True,0.1961437362699729,0.5655929017777455,0.18970097464019642,0.2025864978997494
True,15,6.0,5.0,0.2,0.00037980667427942207,False,0.19616151799301046,0.5673021052580597,0.18899242565167773,0.2033306103343432
True,15,6.0,5.0,0.1,0.00037980667427942207,False,0.19616151799301046,0.5673021052580597,0.18899242565167773,0.2033306103343432
True,15,6.0,5.0,0.05,0.00037980667427942207,False,0.19616151799301046,0.5673021052580597,0.18899242565167773,0.2033306103343432
True,15,6.0,5.0,0.0,0.00037980667427942207,False,0.19616151799301046,0.5673021052580597,0.18899242565167773,0.2033306103343432
True,20,6.0,5.0,0.2,0.00037980667427942207,False,0.19616424019686962,0.5676715244766793,0.18899242565167773,0.2033360547420615
True,20,6.0,5.0,0.0,0.00037980667427942207,False,0.19616424019686962,0.5676715244766793,0.18899242565167773,0.2033360547420615
True,20,6.0,5.0,0.1,0.00037980667427942207,False,0.19616424019686962,0.5676715244766793,0.18899242565167773,0.2033360547420615
True,20,6.0,5.0,0.05,0.00037980667427942207,False,0.19616424019686962,0.5676715244766793,0.18899242565167773,0.2033360547420615
True,15,8.0,3.0,0.1,0.0006330111237990368,True,0.19620612061761,0.5661005679853723,0.18945065153954777,0.2029615896956722
True,15,8.0,3.0,0.05,0.0006330111237990368,True,0.19620612061761,0.5661005679853723,0.18945065153954777,0.2029615896956722
True,15,8.0,3.0,0.0,0.0006330111237990368,True,0.19620612061761,0.5661005679853723,0.18945065153954777,0.2029615896956722
True,20,8.0,3.0,0.0,0.0006330111237990368,True,0.19742858804688262,0.5690689952788854,0.18946174169182484,0.2053954344019404
True,20,8.0,3.0,0.1,0.0006330111237990368,True,0.19742858804688262,0.5690689952788854,0.18946174169182484,0.2053954344019404
True,20,8.0,3.0,0.05,0.0006330111237990368,True,0.19742858804688262,0.5690689952788854,0.18946174169182484,0.2053954344019404
True,20,8.0,3.0,0.2,0.0006330111237990368,True,0.19751068111972267,0.5688396049330463,0.18970994073394642,0.20531142150549891
True,15,7.0,3.0,0.2,0.0006330111237990368,False,0.19759237955503384,0.5708701703148069,0.18962274241732507,0.2055620166927426
True,15,7.0,3.0,0.05,0.0006330111237990368,False,0.19759892228491366,0.5709074139373705,0.1896255048999986,0.20557233966982869
True,15,7.0,3.0,0.1,0.0006330111237990368,False,0.19759892228491366,0.5709074139373705,0.1896255048999986,0.20557233966982869
True,15,7.0,3.0,0.0,0.0006330111237990368,False,0.19759892228491366,0.5709074139373705,0.1896255048999986,0.20557233966982869
True,20,7.0,3.0,0.2,0.0006330111237990368,False,0.1976314704660831,0.5712761789591784,0.18962274241732507,0.20564019851484108
True,20,7.0,3.0,0.0,0.0006330111237990368,False,0.1976370370817352,0.5713099831095181,0.1896255048999986,0.20564856926347175
True,20,7.0,3.0,0.05,0.0006330111237990368,False,0.1976370370817352,0.5713099831095181,0.1896255048999986,0.20564856926347175
True,20,7.0,3.0,0.1,0.0006330111237990368,False,0.1976370370817352,0.5713099831095181,0.1896255048999986,0.20564856926347175
True,15,6.0,3.0,0.0,0.0006330111237990368,False,0.19787517253394873,0.5713502432949659,0.1904611717944492,0.20528917327344826
True,15,6.0,3.0,0.1,0.0006330111237990368,False,0.19787517253394873,0.5713502432949659,0.1904611717944492,0.20528917327344826
True,15,6.0,3.0,0.2,0.0006330111237990368,False,0.19787517253394873,0.5713502432949659,0.1904611717944492,0.20528917327344826
True,15,6.0,3.0,0.05,0.0006330111237990368,False,0.19787517253394873,0.5713502432949659,0.1904611717944492,0.20528917327344826
True,20,6.0,3.0,0.05,0.0006330111237990368,False,0.1979043661010182,0.5717240153858008,0.1904611717944492,0.2053475604075872
True,20,6.0,3.0,0.1,0.0006330111237990368,False,0.1979043661010182,0.5717240153858008,0.1904611717944492,0.2053475604075872
True,20,6.0,3.0,0.0,0.0006330111237990368,False,0.1979043661010182,0.5717240153858008,0.1904611717944492,0.2053475604075872
True,20,6.0,3.0,0.2,0.0006330111237990368,False,0.1979043661010182,0.5717240153858008,0.1904611717944492,0.2053475604075872
False,15,5.0,12.0,0.0,0.0001582527809497592,False,0.20195173129052862,0.5839696444412792,0.205042828328562,0.19886063425249526
False,15,5.0,12.0,0.05,0.0001582527809497592,False,0.20195173129052862,0.5839696444412792,0.205042828328562,0.19886063425249526
False,15,5.0,12.0,0.1,0.0001582527809497592,False,0.20195173129052862,0.5839696444412792,0.205042828328562,0.19886063425249526
False,15,5.0,12.0,0.2,0.0001582527809497592,False,0.20195173129052862,0.5839696444412792,0.205042828328562,0.19886063425249526
False,20,5.0,12.0,0.2,0.0001582527809497592,False,0.20243227135663064,0.5850326795107926,0.20553024872852083,0.19933429398474045
False,20,5.0,12.0,0.1,0.0001582527809497592,False,0.20243227135663064,0.5850326795107926,0.20553024872852083,0.19933429398474045
False,20,5.0,12.0,0.0,0.0001582527809497592,False,0.20243227135663064,0.5850326795107926,0.20553024872852083,0.19933429398474045
False,20,5.0,12.0,0.05,0.0001582527809497592,False,0.20243227135663064,0.5850326795107926,0.20553024872852083,0.19933429398474045
True,15,5.0,12.0,0.0,0.0001582527809497592,False,0.20252813179202944,0.5863620917218195,0.20423817721555015,0.2008180863685087
True,15,5.0,12.0,0.05,0.0001582527809497592,False,0.20252813179202944,0.5863620917218195,0.20423817721555015,0.2008180863685087
True,15,5.0,12.0,0.1,0.0001582527809497592,False,0.20252813179202944,0.5863620917218195,0.20423817721555015,0.2008180863685087
True,15,5.0,12.0,0.2,0.0001582527809497592,False,0.20252813179202944,0.5863620917218195,0.20423817721555015,0.2008180863685087
False,15,5.0,8.0,0.2,0.0002373791714246388,False,0.2025457892465542,0.5852638033807925,0.20558653081406214,0.19950504767904623
False,15,5.0,8.0,0.1,0.0002373791714246388,False,0.2025457892465542,0.5852638033807925,0.20558653081406214,0.19950504767904623
False,15,5.0,8.0,0.0,0.0002373791714246388,False,0.2025457892465542,0.5852638033807925,0.20558653081406214,0.19950504767904623
False,15,5.0,8.0,0.05,0.0002373791714246388,False,0.2025457892465542,0.5852638033807925,0.20558653081406214,0.19950504767904623
True,20,5.0,12.0,0.0,0.0001582527809497592,False,0.2026102310919691,0.5864488999366517,0.20403132606924143,0.20118913611469677
True,20,5.0,12.0,0.05,0.0001582527809497592,False,0.2026102310919691,0.5864488999366517,0.20403132606924143,0.20118913611469677
True,20,5.0,12.0,0.1,0.0001582527809497592,False,0.2026102310919691,0.5864488999366517,0.20403132606924143,0.20118913611469677
True,20,5.0,12.0,0.2,0.0001582527809497592,False,0.2026102310919691,0.5864488999366517,0.20403132606924143,0.20118913611469677
False,20,5.0,8.0,0.2,0.0002373791714246388,False,0.20298999388445613,0.5862109585424473,0.2060404769150463,0.19993951085386596
False,20,5.0,8.0,0.05,0.0002373791714246388,False,0.20298999388445613,0.5862109585424473,0.2060404769150463,0.19993951085386596
False,20,5.0,8.0,0.0,0.0002373791714246388,False,0.20298999388445613,0.5862109585424473,0.2060404769150463,0.19993951085386596
False,20,5.0,8.0,0.1,0.0002373791714246388,False,0.20298999388445613,0.5862109585424473,0.2060404769150463,0.19993951085386596
True,15,5.0,8.0,0.05,0.0002373791714246388,False,0.20315132503107566,0.5877493597445815,0.20479209058703624,0.2015105594751151
True,15,5.0,8.0,0.0,0.0002373791714246388,False,0.20315132503107566,0.5877493597445815,0.20479209058703624,0.2015105594751151
True,15,5.0,8.0,0.1,0.0002373791714246388,False,0.20315132503107566,0.5877493597445815,0.20479209058703624,0.2015105594751151
True,15,5.0,8.0,0.2,0.0002373791714246388,False,0.20315132503107566,0.5877493597445815,0.20479209058703624,0.2015105594751151
True,20,5.0,8.0,0.2,0.0002373791714246388,False,0.20321934938485695,0.5877658303629201,0.2045837771518566,0.20185492161785729
True,20,5.0,8.0,0.1,0.0002373791714246388,False,0.20321934938485695,0.5877658303629201,0.2045837771518566,0.20185492161785729
True,20,5.0,8.0,0.05,0.0002373791714246388,False,0.20321934938485695,0.5877658303629201,0.2045837771518566,0.20185492161785729
True,20,5.0,8.0,0.0,0.0002373791714246388,False,0.20321934938485695,0.5877658303629201,0.2045837771518566,0.20185492161785729
False,15,5.0,5.0,0.0,0.00037980667427942207,False,0.20362748522102014,0.587614219803366,0.20653719031407763,0.20071778012796265
False,15,5.0,5.0,0.05,0.00037980667427942207,False,0.20362748522102014,0.587614219803366,0.20653719031407763,0.20071778012796265
False,15,5.0,5.0,0.1,0.00037980667427942207,False,0.20362748522102014,0.587614219803366,0.20653719031407763,0.20071778012796265
False,15,5.0,5.0,0.2,0.00037980667427942207,False,0.20362748522102014,0.587614219803366,0.20653719031407763,0.20071778012796265
False,20,5.0,5.0,0.2,0.00037980667427942207,False,0.20400223360507896,0.5883369568921226,0.2069343798255378,0.20107008738462012
False,20,5.0,5.0,0.1,0.00037980667427942207,False,0.20400223360507896,0.5883369568921226,0.2069343798255378,0.20107008738462012
False,20,5.0,5.0,0.05,0.00037980667427942207,False,0.20400223360507896,0.5883369568921226,0.2069343798255378,0.20107008738462012
False,20,5.0,5.0,0.0,0.00037980667427942207,False,0.20400223360507896,0.5883369568921226,0.2069343798255378,0.20107008738462012
True,15,5.0,5.0,0.1,0.00037980667427942207,False,0.20428211458701945,0.5902596668627241,0.20576748877404188,0.20279674039999704
True,15,5.0,5.0,0.2,0.00037980667427942207,False,0.20428211458701945,0.5902596668627241,0.20576748877404188,0.20279674039999704
True,15,5.0,5.0,0.05,0.00037980667427942207,False,0.20428211458701945,0.5902596668627241,0.20576748877404188,0.20279674039999704
True,15,5.0,5.0,0.0,0.00037980667427942207,False,0.20428211458701945,0.5902596668627241,0.20576748877404188,0.20279674039999704
True,20,5.0,5.0,0.2,0.00037980667427942207,False,0.20431890482812504,0.590129916662435,0.20555551752177445,0.2030822921344756
True,20,5.0,5.0,0.05,0.00037980667427942207,False,0.20431890482812504,0.590129916662435,0.20555551752177445,0.2030822921344756
True,20,5.0,5.0,0.1,0.00037980667427942207,False,0.20431890482812504,0.590129916662435,0.20555551752177445,0.2030822921344756
True,20,5.0,5.0,0.0,0.00037980667427942207,False,0.20431890482812504,0.590129916662435,0.20555551752177445,0.2030822921344756
False,15,5.0,3.0,0.2,0.0006330111237990368,False,0.2055877940017311,0.5918714924372905,0.20819458706892452,0.2029810009345377
False,15,5.0,3.0,0.1,0.0006330111237990368,False,0.2055877940017311,0.5918714924372905,0.20819458706892452,0.2029810009345377
False,15,5.0,3.0,0.05,0.0006330111237990368,False,0.2055877940017311,0.5918714924372905,0.20819458706892452,0.2029810009345377
False,15,5.0,3.0,0.0,0.0006330111237990368,False,0.2055877940017311,0.5918714924372905,0.20819458706892452,0.2029810009345377
False,20,4.0,12.0,0.2,0.0001582527809497592,False,0.20561703294452832,0.5919932719864747,0.21154134315894735,0.1996927227301093
False,20,4.0,12.0,0.1,0.0001582527809497592,False,0.20561703294452832,0.5919932719864747,0.21154134315894735,0.1996927227301093
False,20,4.0,12.0,0.05,0.0001582527809497592,False,0.20561703294452832,0.5919932719864747,0.21154134315894735,0.1996927227301093
False,20,4.0,12.0,0.0,0.0001582527809497592,False,0.20561703294452832,0.5919932719864747,0.21154134315894735,0.1996927227301093
False,20,5.0,3.0,0.05,0.0006330111237990368,False,0.20581633817778955,0.5921209338150127,0.20848726714911614,0.20314540920646293
False,20,5.0,3.0,0.1,0.0006330111237990368,False,0.20581633817778955,0.5921209338150127,0.20848726714911614,0.20314540920646293
False,20,5.0,3.0,0.2,0.0006330111237990368,False,0.20581633817778955,0.5921209338150127,0.20848726714911614,0.20314540920646293
False,20,5.0,3.0,0.0,0.0006330111237990368,False,0.20581633817778955,0.5921209338150127,0.20848726714911614,0.20314540920646293
False,20,4.0,8.0,0.1,0.0002373791714246388,False,0.20596564902590817,0.5926268176977968,0.21174343417256725,0.20018786387924908
False,20,4.0,8.0,0.2,0.0002373791714246388,False,0.20596564902590817,0.5926268176977968,0.21174343417256725,0.20018786387924908
False,20,4.0,8.0,0.0,0.0002373791714246388,False,0.20596564902590817,0.5926268176977968,0.21174343417256725,0.20018786387924908
False,20,4.0,8.0,0.05,0.0002373791714246388,False,0.20596564902590817,0.5926268176977968,0.21174343417256725,0.20018786387924908
True,20,5.0,3.0,0.0,0.0006330111237990368,False,0.20631877498836818,0.5944115046919736,0.20727683814632725,0.2053607118304091
True,20,5.0,3.0,0.05,0.0006330111237990368,False,0.20631877498836818,0.5944115046919736,0.20727683814632725,0.2053607118304091
True,20,5.0,3.0,0.1,0.0006330111237990368,False,0.20631877498836818,0.5944115046919736,0.20727683814632725,0.2053607118304091
True,20,5.0,3.0,0.2,0.0006330111237990368,False,0.20631877498836818,0.5944115046919736,0.20727683814632725,0.2053607118304091
True,15,5.0,3.0,0.0,0.0006330111237990368,False,0.20635394279008626,0.594858468013785,0.20748910156210623,0.20521878401806629
True,15,5.0,3.0,0.05,0.0006330111237990368,False,0.20635394279008626,0.594858468013785,0.20748910156210623,0.20521878401806629
True,15,5.0,3.0,0.2,0.0006330111237990368,False,0.20635394279008626,0.594858468013785,0.20748910156210623,0.20521878401806629
True,15,5.0,3.0,0.1,0.0006330111237990368,False,0.20635394279008626,0.594858468013785,0.20748910156210623,0.20521878401806629
True,20,4.0,12.0,0.2,0.0001582527809497592,False,0.20641140371664168,0.594897844784054,0.21103779989273647,0.2017850075405469
True,20,4.0,12.0,0.1,0.0001582527809497592,False,0.20641140371664168,0.594897844784054,0.21103779989273647,0.2017850075405469
True,20,4.0,12.0,0.05,0.0001582527809497592,False,0.20641140371664168,0.594897844784054,0.21103779989273647,0.2017850075405469
True,20,4.0,12.0,0.0,0.0001582527809497592,False,0.20641140371664168,0.594897844784054,0.21103779989273647,0.2017850075405469
False,20,4.0,5.0,0.2,0.00037980667427942207,False,0.20663312007527113,0.5938505536050265,0.21214010356340618,0.20112613658713607
False,20,4.0,5.0,0.1,0.00037980667427942207,False,0.20663312007527113,0.5938505536050265,0.21214010356340618,0.20112613658713607
False,20,4.0,5.0,0.05,0.00037980667427942207,False,0.20663312007527113,0.5938505536050265,0.21214010356340618,0.20112613658713607
False,20,4.0,5.0,0.0,0.00037980667427942207,False,0.20663312007527113,0.5938505536050265,0.21214010356340618,0.20112613658713607
True,20,4.0,8.0,0.05,0.0002373791714246388,False,0.206804553084237,0.5956406000375687,0.21128143615053815,0.2023276700179359
True,20,4.0,8.0,0.0,0.0002373791714246388,False,0.206804553084237,0.5956406000375687,0.21128143615053815,0.2023276700179359
True,20,4.0,8.0,0.1,0.0002373791714246388,False,0.206804553084237,0.5956406000375687,0.21128143615053815,0.2023276700179359
True,20,4.0,8.0,0.2,0.0002373791714246388,False,0.206804553084237,0.5956406000375687,0.21128143615053815,0.2023276700179359
False,15,4.0,12.0,0.2,0.0001582527809497592,False,0.2071607275009517,0.5953308887629644,0.2143701900263242,0.1999512649755792
False,15,4.0,12.0,0.05,0.0001582527809497592,False,0.2071607275009517,0.5953308887629644,0.2143701900263242,0.1999512649755792
False,15,4.0,12.0,0.0,0.0001582527809497592,False,0.2071607275009517,0.5953308887629644,0.2143701900263242,0.1999512649755792
False,15,4.0,12.0,0.1,0.0001582527809497592,False,0.2071607275009517,0.5953308887629644,0.2143701900263242,0.1999512649755792
True,15,4.0,12.0,0.2,0.0001582527809497592,False,0.20749018591464888,0.5971714086547736,0.21276563849418711,0.20221473333511064
True,15,4.0,12.0,0.1,0.0001582527809497592,False,0.20749018591464888,0.5971714086547736,0.21276563849418711,0.20221473333511064
True,15,4.0,12.0,0.05,0.0001582527809497592,False,0.20749018591464888,0.5971714086547736,0.21276563849418711,0.20221473333511064
True,15,4.0,12.0,0.0,0.0001582527809497592,False,0.20749018591464888,0.5971714086547736,0.21276563849418711,0.20221473333511064
False,15,4.0,8.0,0.2,0.0002373791714246388,False,0.20751002013520026,0.595940843502851,0.21454131123490147,0.20047872903549907
False,15,4.0,8.0,0.1,0.0002373791714246388,False,0.20751002013520026,0.595940843502851,0.21454131123490147,0.20047872903549907
False,15,4.0,8.0,0.05,0.0002373791714246388,False,0.20751002013520026,0.595940843502851,0.21454131123490147,0.20047872903549907
False,15,4.0,8.0,0.0,0.0002373791714246388,False,0.20751002013520026,0.595940843502851,0.21454131123490147,0.20047872903549907
True,20,4.0,5.0,0.1,0.00037980667427942207,False,0.2075499141382677,0.5970629978709863,0.2117420932734381,0.2033577350030973
True,20,4.0,5.0,0.05,0.00037980667427942207,False,0.2075499141382677,0.5970629978709863,0.2117420932734381,0.2033577350030973
True,20,4.0,5.0,0.0,0.00037980667427942207,False,0.2075499141382677,0.5970629978709863,0.2117420932734381,0.2033577350030973
True,20,4.0,5.0,0.2,0.00037980667427942207,False,0.2075499141382677,0.5970629978709863,0.2117420932734381,0.2033577350030973
True,15,4.0,8.0,0.0,0.0002373791714246388,False,0.2078802203968454,0.5979036004905741,0.21298027657478263,0.20278016421890818
True,15,4.0,8.0,0.2,0.0002373791714246388,False,0.2078802203968454,0.5979036004905741,0.21298027657478263,0.20278016421890818
True,15,4.0,8.0,0.05,0.0002373791714246388,False,0.2078802203968454,0.5979036004905741,0.21298027657478263,0.20278016421890818
True,15,4.0,8.0,0.1,0.0002373791714246388,False,0.2078802203968454,0.5979036004905741,0.21298027657478263,0.20278016421890818
False,20,4.0,3.0,0.0,0.0006330111237990368,False,0.20792995575398443,0.5962740868946906,0.21293976390276306,0.20292014760520583
False,20,4.0,3.0,0.2,0.0006330111237990368,False,0.20792995575398443,0.5962740868946906,0.21293976390276306,0.20292014760520583
False,20,4.0,3.0,0.1,0.0006330111237990368,False,0.20792995575398443,0.5962740868946906,0.21293976390276306,0.20292014760520583
False,20,4.0,3.0,0.05,0.0006330111237990368,False,0.20792995575398443,0.5962740868946906,0.21293976390276306,0.20292014760520583
False,15,4.0,5.0,0.0,0.00037980667427942207,False,0.20817961288309836,0.5971268559671739,0.21487822583247057,0.20148099993372615
False,15,4.0,5.0,0.05,0.00037980667427942207,False,0.20817961288309836,0.5971268559671739,0.21487822583247057,0.20148099993372615
False,15,4.0,5.0,0.1,0.00037980667427942207,False,0.20817961288309836,0.5971268559671739,0.21487822583247057,0.20148099993372615
False,15,4.0,5.0,0.2,0.00037980667427942207,False,0.20817961288309836,0.5971268559671739,0.21487822583247057,0.20148099993372615
True,15,4.0,5.0,0.0,0.00037980667427942207,False,0.20862341510465748,0.5993125471469769,0.2133963887999676,0.20385044140934733
True,15,4.0,5.0,0.2,0.00037980667427942207,False,0.20862341510465748,0.5993125471469769,0.2133963887999676,0.20385044140934733
True,15,4.0,5.0,0.1,0.00037980667427942207,False,0.20862341510465748,0.5993125471469769,0.2133963887999676,0.20385044140934733
True,15,4.0,5.0,0.05,0.00037980667427942207,False,0.20862341510465748,0.5993125471469769,0.2133963887999676,0.20385044140934733
True,20,4.0,3.0,0.0,0.0006330111237990368,False,0.20899233718096116,0.5998566346424519,0.2126646615760774,0.20532001278584494
True,20,4.0,3.0,0.05,0.0006330111237990368,False,0.20899233718096116,0.5998566346424519,0.2126646615760774,0.20532001278584494
True,20,4.0,3.0,0.1,0.0006330111237990368,False,0.20899233718096116,0.5998566346424519,0.2126646615760774,0.20532001278584494
True,20,4.0,3.0,0.2,0.0006330111237990368,False,0.20899233718096116,0.5998566346424519,0.2126646615760774,0.20532001278584494
False,15,4.0,3.0,0.2,0.0006330111237990368,False,0.2094616451488841,0.59945080868917,0.21554102802823333,0.20338226226953487
False,15,4.0,3.0,0.1,0.0006330111237990368,False,0.2094616451488841,0.59945080868917,0.21554102802823333,0.20338226226953487
False,15,4.0,3.0,0.05,0.0006330111237990368,False,0.2094616451488841,0.59945080868917,0.21554102802823333,0.20338226226953487
False,15,4.0,3.0,0.0,0.0006330111237990368,False,0.2094616451488841,0.59945080868917,0.21554102802823333,0.20338226226953487
True,15,4.0,3.0,0.0,0.0006330111237990368,False,0.21005381583401123,0.6020705006634893,0.21422112394646298,0.2058865077215595
True,15,4.0,3.0,0.05,0.0006330111237990368,False,0.21005381583401123,0.6020705006634893,0.21422112394646298,0.2058865077215595
True,15,4.0,3.0,0.1,0.0006330111237990368,False,0.21005381583401123,0.6020705006634893,0.21422112394646298,0.2058865077215595
True,15,4.0,3.0,0.2,0.0006330111237990368,False,0.21005381583401123,0.6020705006634893,0.21422112394646298,0.2058865077215595
False,20,3.0,12.0,0.2,0.0001582527809497592,False,0.2244733464965768,0.6261256863063129,0.2416126627332067,0.20733403025994693
False,20,3.0,12.0,0.05,0.0001582527809497592,False,0.2244733464965768,0.6261256863063129,0.2416126627332067,0.20733403025994693
False,20,3.0,12.0,0.0,0.0001582527809497592,False,0.2244733464965768,0.6261256863063129,0.2416126627332067,0.20733403025994693
False,20,3.0,12.0,0.1,0.0001582527809497592,False,0.2244733464965768,0.6261256863063129,0.2416126627332067,0.20733403025994693
False,20,3.0,8.0,0.2,0.0002373791714246388,False,0.22459097564952835,0.6263863252212254,0.24141507110192192,0.20776688019713477
False,20,3.0,8.0,0.1,0.0002373791714246388,False,0.22459097564952835,0.6263863252212254,0.24141507110192192,0.20776688019713477
False,20,3.0,8.0,0.05,0.0002373791714246388,False,0.22459097564952835,0.6263863252212254,0.24141507110192192,0.20776688019713477
False,20,3.0,8.0,0.0,0.0002373791714246388,False,0.22459097564952835,0.6263863252212254,0.24141507110192192,0.20776688019713477
False,15,3.0,12.0,0.05,0.0001582527809497592,False,0.22469253906877804,0.6266218103708788,0.241932730584408,0.20745234755314806
False,15,3.0,12.0,0.0,0.0001582527809497592,False,0.22469253906877804,0.6266218103708788,0.241932730584408,0.20745234755314806
False,15,3.0,12.0,0.2,0.0001582527809497592,False,0.22469253906877804,0.6266218103708788,0.241932730584408,0.20745234755314806
False,15,3.0,12.0,0.1,0.0001582527809497592,False,0.22469253906877804,0.6266218103708788,0.241932730584408,0.20745234755314806
False,20,3.0,5.0,0.2,0.00037980667427942207,False,0.22480203244018407,0.6268460547393566,0.24106514427428166,0.20853892060608648
False,20,3.0,5.0,0.0,0.00037980667427942207,False,0.22480203244018407,0.6268460547393566,0.24106514427428166,0.20853892060608648
False,20,3.0,5.0,0.05,0.00037980667427942207,False,0.22480203244018407,0.6268460547393566,0.24106514427428166,0.20853892060608648
False,20,3.0,5.0,0.1,0.00037980667427942207,False,0.22480203244018407,0.6268460547393566,0.24106514427428166,0.20853892060608648
False,15,3.0,8.0,0.2,0.0002373791714246388,False,0.2248088331802831,0.6268756404532672,0.24173848457510208,0.2078791817854641
False,15,3.0,8.0,0.1,0.0002373791714246388,False,0.2248088331802831,0.6268756404532672,0.24173848457510208,0.2078791817854641
False,15,3.0,8.0,0.05,0.0002373791714246388,False,0.2248088331802831,0.6268756404532672,0.24173848457510208,0.2078791817854641
False,15,3.0,8.0,0.0,0.0002373791714246388,False,0.2248088331802831,0.6268756404532672,0.24173848457510208,0.2078791817854641
False,15,3.0,5.0,0.0,0.00037980667427942207,False,0.2250173176296077,0.6273220389316723,0.24139324369622317,0.20864139156299222
False,15,3.0,5.0,0.2,0.00037980667427942207,False,0.2250173176296077,0.6273220389316723,0.24139324369622317,0.20864139156299222
False,15,3.0,5.0,0.1,0.00037980667427942207,False,0.2250173176296077,0.6273220389316723,0.24139324369622317,0.20864139156299222
False,15,3.0,5.0,0.05,0.00037980667427942207,False,0.2250173176296077,0.6273220389316723,0.24139324369622317,0.20864139156299222
False,20,3.0,3.0,0.2,0.0006330111237990368,False,0.22515292313468338,0.6276049361345469,0.24045884296688225,0.2098470033024845
False,20,3.0,3.0,0.1,0.0006330111237990368,False,0.22515292313468338,0.6276049361345469,0.24045884296688225,0.2098470033024845
False,20,3.0,3.0,0.05,0.0006330111237990368,False,0.22515292313468338,0.6276049361345469,0.24045884296688225,0.2098470033024845
False,20,3.0,3.0,0.0,0.0006330111237990368,False,0.22515292313468338,0.6276049361345469,0.24045884296688225,0.2098470033024845
False,15,3.0,3.0,0.0,0.0006330111237990368,False,0.22536039976903544,0.6280477646773152,0.2407872911239905,0.2099335084140804
False,15,3.0,3.0,0.05,0.0006330111237990368,False,0.22536039976903544,0.6280477646773152,0.2407872911239905,0.2099335084140804
False,15,3.0,3.0,0.1,0.0006330111237990368,False,0.22536039976903544,0.6280477646773152,0.2407872911239905,0.2099335084140804
False,15,3.0,3.0,0.2,0.0006330111237990368,False,0.22536039976903544,0.6280477646773152,0.2407872911239905,0.2099335084140804
True,20,3.0,12.0,0.2,0.0001582527809497592,False,0.22717387707031989,0.6376384162567142,0.24276320784449062,0.21158454629614915
True,20,3.0,12.0,0.1,0.0001582527809497592,False,0.22717387707031989,0.6376384162567142,0.24276320784449062,0.21158454629614915
True,20,3.0,12.0,0.0,0.0001582527809497592,False,0.22717387707031989,0.6376384162567142,0.24276320784449062,0.21158454629614915
True,20,3.0,12.0,0.05,0.0001582527809497592,False,0.22717387707031989,0.6376384162567142,0.24276320784449062,0.21158454629614915
True,15,3.0,12.0,0.1,0.0001582527809497592,False,0.22721314916692356,0.6377115151453268,0.24284175203769798,0.21158454629614915
True,15,3.0,12.0,0.2,0.0001582527809497592,False,0.22721314916692356,0.6377115151453268,0.24284175203769798,0.21158454629614915
True,15,3.0,12.0,0.05,0.0001582527809497592,False,0.22721314916692356,0.6377115151453268,0.24284175203769798,0.21158454629614915
True,15,3.0,12.0,0.0,0.0001582527809497592,False,0.22721314916692356,0.6377115151453268,0.24284175203769798,0.21158454629614915
True,20,3.0,8.0,0.0,0.0002373791714246388,False,0.22725582865181132,0.6377521071627845,0.24260116123845077,0.21191049606517187
True,20,3.0,8.0,0.05,0.0002373791714246388,False,0.22725582865181132,0.6377521071627845,0.24260116123845077,0.21191049606517187
True,20,3.0,8.0,0.1,0.0002373791714246388,False,0.22725582865181132,0.6377521071627845,0.24260116123845077,0.21191049606517187
True,20,3.0,8.0,0.2,0.0002373791714246388,False,0.22725582865181132,0.6377521071627845,0.24260116123845077,0.21191049606517187
True,15,3.0,8.0,0.05,0.0002373791714246388,False,0.2272946532549339,0.6378240095008274,0.2426788104446959,0.21191049606517187
True,15,3.0,8.0,0.1,0.0002373791714246388,False,0.2272946532549339,0.6378240095008274,0.2426788104446959,0.21191049606517187
True,15,3.0,8.0,0.0,0.0002373791714246388,False,0.2272946532549339,0.6378240095008274,0.2426788104446959,0.21191049606517187
True,15,3.0,8.0,0.2,0.0002373791714246388,False,0.2272946532549339,0.6378240095008274,0.2426788104446959,0.21191049606517187
True,20,3.0,5.0,0.05,0.00037980667427942207,False,0.2274119897620811,0.6379634390808264,0.2423144790727285,0.21250950045143374
True,20,3.0,5.0,0.2,0.00037980667427942207,False,0.2274119897620811,0.6379634390808264,0.2423144790727285,0.21250950045143374
True,20,3.0,5.0,0.0,0.00037980667427942207,False,0.2274119897620811,0.6379634390808264,0.2423144790727285,0.21250950045143374
True,20,3.0,5.0,0.1,0.00037980667427942207,False,0.2274119897620811,0.6379634390808264,0.2423144790727285,0.21250950045143374
True,15,3.0,5.0,0.0,0.00037980667427942207,False,0.22744883630386106,0.6380300755726858,0.24238817215628838,0.21250950045143374
True,15,3.0,5.0,0.05,0.00037980667427942207,False,0.22744883630386106,0.6380300755726858,0.24238817215628838,0.21250950045143374
True,15,3.0,5.0,0.1,0.00037980667427942207,False,0.22744883630386106,0.6380300755726858,0.24238817215628838,0.21250950045143374
True,15,3.0,5.0,0.2,0.00037980667427942207,False,0.22744883630386106,0.6380300755726858,0.24238817215628838,0.21250950045143374
True,20,3.0,3.0,0.2,0.0006330111237990368,False,0.22769726492747508,0.6383655621641398,0.24181362305964088,0.21358090679530928
True,20,3.0,3.0,0.05,0.0006330111237990368,False,0.22769726492747508,0.6383655621641398,0.24181362305964088,0.21358090679530928
True,20,3.0,3.0,0.1,0.0006330111237990368,False,0.22769726492747508,0.6383655621641398,0.24181362305964088,0.21358090679530928
True,20,3.0,3.0,0.0,0.0006330111237990368,False,0.22769726492747508,0.6383655621641398,0.24181362305964088,0.21358090679530928
True,15,3.0,3.0,0.2,0.0006330111237990368,False,0.22772996396820044,0.6384220581287032,0.2418790211410916,0.21358090679530928
True,15,3.0,3.0,0.1,0.0006330111237990368,False,0.22772996396820044,0.6384220581287032,0.2418790211410916,0.21358090679530928
True,15,3.0,3.0,0.05,0.0006330111237990368,False,0.22772996396820044,0.6384220581287032,0.2418790211410916,0.21358090679530928
True,15,3.0,3.0,0.0,0.0006330111237990368,False,0.22772996396820044,0.6384220581287032,0.2418790211410916,0.21358090679530928
